rank,combo_id,n_estimators,max_depth,learning_rate,num_leaves,theoretical_max_leaves,Val_RMSE_KRW,Val_MAE_KRW,Val_R2,Train_R2,Overfit_Gap_R2,redundancy_status
1,37,100,3,0.03,15,8,289168.1,138466.0,0.346,0.557,0.211,깊이 3 제한으로 최대 리프 2^3=8개 자동 상한
2,38,100,3,0.03,31,8,289168.1,138466.0,0.346,0.557,0.211,깊이 3 제한으로 최대 리프 2^3=8개 자동 상한
3,39,100,3,0.03,63,8,289168.1,138466.0,0.346,0.557,0.211,깊이 3 제한으로 최대 리프 2^3=8개 자동 상한
4,4,50,3,0.05,15,8,289942.3,139622.3,0.3425,0.5428,0.2003,깊이 3 제한으로 최대 리프 2^3=8개 자동 상한
5,5,50,3,0.05,31,8,289942.3,139622.3,0.3425,0.5428,0.2003,깊이 3 제한으로 최대 리프 2^3=8개 자동 상한
6,6,50,3,0.05,63,8,289942.3,139622.3,0.3425,0.5428,0.2003,깊이 3 제한으로 최대 리프 2^3=8개 자동 상한
7,73,200,3,0.03,15,8,290378.3,138165.2,0.3405,0.6069,0.2664,깊이 3 제한으로 최대 리프 2^3=8개 자동 상한
8,74,200,3,0.03,31,8,290378.3,138165.2,0.3405,0.6069,0.2664,깊이 3 제한으로 최대 리프 2^3=8개 자동 상한
9,75,200,3,0.03,63,8,290378.3,138165.2,0.3405,0.6069,0.2664,깊이 3 제한으로 최대 리프 2^3=8개 자동 상한
10,40,100,3,0.05,15,8,290389.8,138422.4,0.3405,0.5952,0.2547,깊이 3 제한으로 최대 리프 2^3=8개 자동 상한
11,41,100,3,0.05,31,8,290389.8,138422.4,0.3405,0.5952,0.2547,깊이 3 제한으로 최대 리프 2^3=8개 자동 상한
12,42,100,3,0.05,63,8,290389.8,138422.4,0.3405,0.5952,0.2547,깊이 3 제한으로 최대 리프 2^3=8개 자동 상한
13,7,50,3,0.1,15,8,290390.2,138421.3,0.3405,0.5944,0.2539,깊이 3 제한으로 최대 리프 2^3=8개 자동 상한
14,8,50,3,0.1,31,8,290390.2,138421.3,0.3405,0.5944,0.2539,깊이 3 제한으로 최대 리프 2^3=8개 자동 상한
15,9,50,3,0.1,63,8,290390.2,138421.3,0.3405,0.5944,0.2539,깊이 3 제한으로 최대 리프 2^3=8개 자동 상한
16,13,50,5,0.05,15,15,291348.9,140082.9,0.3361,0.5837,0.2475,유효 설정
17,14,50,5,0.05,31,31,291372.9,140115.9,0.336,0.5838,0.2478,유효 설정
18,15,50,5,0.05,63,32,291372.9,140115.9,0.336,0.5838,0.2478,깊이 5 제한으로 최대 리프 2^5=32개 자동 상한
19,10,50,5,0.03,15,15,292013.8,142681.9,0.3331,0.5309,0.1978,유효 설정
20,11,50,5,0.03,31,31,292058.9,142596.4,0.3329,0.5312,0.1983,유효 설정
21,12,50,5,0.03,63,32,292058.9,142596.4,0.3329,0.5312,0.1983,깊이 5 제한으로 최대 리프 2^5=32개 자동 상한
22,47,100,5,0.03,31,31,292159.4,139974.8,0.3324,0.5973,0.2648,유효 설정
23,48,100,5,0.03,63,32,292159.4,139974.8,0.3324,0.5973,0.2648,깊이 5 제한으로 최대 리프 2^5=32개 자동 상한
24,46,100,5,0.03,15,15,292242.1,140116.9,0.332,0.5971,0.265,유효 설정
25,31,50,-1,0.05,15,15,292281.3,141597.4,0.3319,0.6112,0.2793,깊이 제한 없음 (leaves 제약 유효)
26,22,50,8,0.05,15,15,292378.7,141418.7,0.3314,0.61,0.2786,유효 설정
27,55,100,8,0.03,15,15,292596.7,140853.6,0.3304,0.6256,0.2952,유효 설정
28,64,100,-1,0.03,15,15,292968.9,141755.8,0.3287,0.6284,0.2997,깊이 제한 없음 (leaves 제약 유효)
29,16,50,5,0.1,15,15,293126.4,140485.8,0.328,0.644,0.316,유효 설정
30,19,50,8,0.03,15,15,293234.3,144533.2,0.3275,0.5512,0.2237,유효 설정
31,76,200,3,0.05,15,8,293258.8,139794.2,0.3274,0.6379,0.3105,깊이 3 제한으로 최대 리프 2^3=8개 자동 상한
32,77,200,3,0.05,31,8,293258.8,139794.2,0.3274,0.6379,0.3105,깊이 3 제한으로 최대 리프 2^3=8개 자동 상한
33,78,200,3,0.05,63,8,293258.8,139794.2,0.3274,0.6379,0.3105,깊이 3 제한으로 최대 리프 2^3=8개 자동 상한
34,28,50,-1,0.03,15,15,293323.3,144434.1,0.3271,0.5529,0.2259,깊이 제한 없음 (leaves 제약 유효)
35,29,50,-1,0.03,31,31,293377.7,143850.0,0.3268,0.5786,0.2518,깊이 제한 없음 (leaves 제약 유효)
36,17,50,5,0.1,31,31,293479.1,140752.3,0.3264,0.6455,0.3191,유효 설정
37,18,50,5,0.1,63,32,293479.1,140752.3,0.3264,0.6455,0.3191,깊이 5 제한으로 최대 리프 2^5=32개 자동 상한
38,1,50,3,0.03,15,8,293518.7,144644.8,0.3262,0.4918,0.1656,깊이 3 제한으로 최대 리프 2^3=8개 자동 상한
39,2,50,3,0.03,31,8,293518.7,144644.8,0.3262,0.4918,0.1656,깊이 3 제한으로 최대 리프 2^3=8개 자동 상한
40,3,50,3,0.03,63,8,293518.7,144644.8,0.3262,0.4918,0.1656,깊이 3 제한으로 최대 리프 2^3=8개 자동 상한
41,32,50,-1,0.05,31,31,293654.0,141864.2,0.3256,0.6476,0.322,깊이 제한 없음 (leaves 제약 유효)
42,43,100,3,0.1,15,8,293749.6,140544.3,0.3251,0.6364,0.3113,깊이 3 제한으로 최대 리프 2^3=8개 자동 상한
43,44,100,3,0.1,31,8,293749.6,140544.3,0.3251,0.6364,0.3113,깊이 3 제한으로 최대 리프 2^3=8개 자동 상한
44,45,100,3,0.1,63,8,293749.6,140544.3,0.3251,0.6364,0.3113,깊이 3 제한으로 최대 리프 2^3=8개 자동 상한
45,30,50,-1,0.03,63,63,293862.9,143301.1,0.3246,0.5926,0.268,깊이 제한 없음 (leaves 제약 유효)
46,50,100,5,0.05,31,31,293912.9,141296.6,0.3244,0.6474,0.323,유효 설정
47,51,100,5,0.05,63,32,293912.9,141296.6,0.3244,0.6474,0.323,깊이 5 제한으로 최대 리프 2^5=32개 자동 상한
48,49,100,5,0.05,15,15,293946.2,141052.4,0.3242,0.6445,0.3203,유효 설정
49,24,50,8,0.05,63,63,293969.4,141170.6,0.3241,0.6325,0.3083,유효 설정
50,20,50,8,0.03,31,31,293984.1,143982.7,0.3241,0.5691,0.2451,유효 설정
51,21,50,8,0.03,63,63,294002.3,143566.2,0.324,0.5702,0.2463,유효 설정
52,23,50,8,0.05,31,31,294096.2,141584.3,0.3235,0.6304,0.3069,유효 설정
53,65,100,-1,0.03,31,31,294342.2,142254.0,0.3224,0.6674,0.345,깊이 제한 없음 (leaves 제약 유효)
54,33,50,-1,0.05,63,63,294461.8,141428.0,0.3219,0.6647,0.3429,깊이 제한 없음 (leaves 제약 유효)
55,82,200,5,0.03,15,15,294854.7,141462.0,0.32,0.6613,0.3413,유효 설정
56,57,100,8,0.03,63,63,294900.6,141410.6,0.3198,0.6479,0.3281,유효 설정
57,83,200,5,0.03,31,31,294932.9,141542.3,0.3197,0.6644,0.3447,유효 설정
58,84,200,5,0.03,63,32,294932.9,141542.3,0.3197,0.6644,0.3447,깊이 5 제한으로 최대 리프 2^5=32개 자동 상한
59,56,100,8,0.03,31,31,295046.5,141800.8,0.3192,0.647,0.3279,유효 설정
60,79,200,3,0.1,15,8,295315.6,140594.1,0.3179,0.6791,0.3612,깊이 3 제한으로 최대 리프 2^3=8개 자동 상한
61,80,200,3,0.1,31,8,295315.6,140594.1,0.3179,0.6791,0.3612,깊이 3 제한으로 최대 리프 2^3=8개 자동 상한
62,81,200,3,0.1,63,8,295315.6,140594.1,0.3179,0.6791,0.3612,깊이 3 제한으로 최대 리프 2^3=8개 자동 상한
63,58,100,8,0.05,15,15,295547.3,141986.8,0.3168,0.6753,0.3585,유효 설정
64,67,100,-1,0.05,15,15,295695.7,143087.8,0.3162,0.6789,0.3628,깊이 제한 없음 (leaves 제약 유효)
65,66,100,-1,0.03,63,63,295861.8,142250.4,0.3154,0.6879,0.3725,깊이 제한 없음 (leaves 제약 유효)
66,34,50,-1,0.1,15,15,296065.5,142520.7,0.3144,0.681,0.3666,깊이 제한 없음 (leaves 제약 유효)
67,91,200,8,0.03,15,15,296651.6,141940.1,0.3117,0.6909,0.3792,유효 설정
68,25,50,8,0.1,15,15,296752.8,143288.4,0.3113,0.6753,0.364,유효 설정
69,53,100,5,0.1,31,31,296871.7,143395.1,0.3107,0.7208,0.4101,유효 설정
70,54,100,5,0.1,63,32,296871.7,143395.1,0.3107,0.7208,0.4101,깊이 5 제한으로 최대 리프 2^5=32개 자동 상한
71,85,200,5,0.05,15,15,297056.2,142796.8,0.3099,0.708,0.3981,유효 설정
72,100,200,-1,0.03,15,15,297170.5,143374.9,0.3093,0.6962,0.3868,깊이 제한 없음 (leaves 제약 유효)
73,52,100,5,0.1,15,15,297303.9,143432.3,0.3087,0.7081,0.3994,유효 설정
74,35,50,-1,0.1,31,31,297576.5,144322.8,0.3074,0.7304,0.423,깊이 제한 없음 (leaves 제약 유효)
75,68,100,-1,0.05,31,31,298005.9,144466.1,0.3054,0.7306,0.4251,깊이 제한 없음 (leaves 제약 유효)
76,60,100,8,0.05,63,63,298046.5,143242.4,0.3052,0.702,0.3968,유효 설정
77,59,100,8,0.05,31,31,298332.3,143679.2,0.3039,0.699,0.3951,유효 설정
78,86,200,5,0.05,31,31,298548.2,144706.0,0.3029,0.7171,0.4142,유효 설정
79,87,200,5,0.05,63,32,298548.2,144706.0,0.3029,0.7171,0.4142,깊이 5 제한으로 최대 리프 2^5=32개 자동 상한
80,103,200,-1,0.05,15,15,298687.9,144586.2,0.3022,0.7433,0.4411,깊이 제한 없음 (leaves 제약 유효)
81,26,50,8,0.1,31,31,299004.2,144683.0,0.3008,0.6992,0.3985,유효 설정
82,101,200,-1,0.03,31,31,299139.7,144781.2,0.3001,0.7516,0.4514,깊이 제한 없음 (leaves 제약 유효)
83,27,50,8,0.1,63,63,299647.3,144632.1,0.2978,0.7027,0.4049,유효 설정
84,94,200,8,0.05,15,15,299677.1,143212.7,0.2976,0.7409,0.4432,유효 설정
85,70,100,-1,0.1,15,15,299886.5,144544.4,0.2966,0.7461,0.4495,깊이 제한 없음 (leaves 제약 유효)
86,61,100,8,0.1,15,15,299951.0,144839.3,0.2963,0.7403,0.444,유효 설정
87,88,200,5,0.1,15,15,300041.5,146592.8,0.2959,0.7799,0.4839,유효 설정
88,93,200,8,0.03,63,63,300187.5,144637.1,0.2952,0.7153,0.4201,유효 설정
89,92,200,8,0.03,31,31,300255.5,145044.9,0.2949,0.7176,0.4227,유효 설정
90,69,100,-1,0.05,63,63,300371.6,144985.7,0.2944,0.7614,0.467,깊이 제한 없음 (leaves 제약 유효)
91,36,50,-1,0.1,63,63,301095.6,146515.6,0.291,0.7643,0.4734,깊이 제한 없음 (leaves 제약 유효)
92,89,200,5,0.1,31,31,302382.5,148638.3,0.2849,0.79,0.5051,유효 설정
93,90,200,5,0.1,63,32,302382.5,148638.3,0.2849,0.79,0.5051,깊이 5 제한으로 최대 리프 2^5=32개 자동 상한
94,102,200,-1,0.03,63,63,302478.4,146748.5,0.2844,0.7862,0.5018,깊이 제한 없음 (leaves 제약 유효)
95,71,100,-1,0.1,31,31,302706.2,148686.3,0.2833,0.816,0.5326,깊이 제한 없음 (leaves 제약 유효)
96,62,100,8,0.1,31,31,302915.9,147303.9,0.2824,0.7692,0.4869,유효 설정
97,96,200,8,0.05,63,63,303159.4,146940.7,0.2812,0.7754,0.4942,유효 설정
98,97,200,8,0.1,15,15,303191.4,147941.4,0.281,0.8069,0.5258,유효 설정
99,106,200,-1,0.1,15,15,303450.6,148962.6,0.2798,0.8087,0.5289,깊이 제한 없음 (leaves 제약 유효)
100,95,200,8,0.05,31,31,303818.7,146742.0,0.2781,0.7709,0.4928,유효 설정
101,63,100,8,0.1,63,63,304104.3,147362.3,0.2767,0.7705,0.4938,유효 설정
102,104,200,-1,0.05,31,31,304125.7,148778.9,0.2766,0.8125,0.5359,깊이 제한 없음 (leaves 제약 유효)
103,105,200,-1,0.05,63,63,306901.6,150491.0,0.2633,0.8574,0.5941,깊이 제한 없음 (leaves 제약 유효)
104,72,100,-1,0.1,63,63,307610.7,152568.7,0.2599,0.8621,0.6021,깊이 제한 없음 (leaves 제약 유효)
105,107,200,-1,0.1,31,31,307976.3,153964.4,0.2582,0.8955,0.6373,깊이 제한 없음 (leaves 제약 유효)
106,99,200,8,0.1,63,63,308467.3,152437.6,0.2558,0.8592,0.6034,유효 설정
107,98,200,8,0.1,31,31,309388.5,154491.4,0.2514,0.8472,0.5959,유효 설정
108,108,200,-1,0.1,63,63,314827.2,159381.1,0.2248,0.9339,0.7091,깊이 제한 없음 (leaves 제약 유효)
